{"lowlevel.dissonance.mean": [0.2630218267440796], "lowlevel.spectral_centroid.mean": [305.8587951660156], "lowlevel.hfc.mean": [5.802322864532471]}