{"lowlevel.dissonance.mean": [0.21961519122123718], "lowlevel.spectral_centroid.mean": [421.96685791015625], "lowlevel.mfcc.mean": [[-889.4270629882812, 209.34278869628906, 22.627458572387695, -20.53931999206543, -15.107156753540039, -15.716470718383789, -23.840312957763672, -28.138381958007812, -27.919286727905273, -25.3328914642334, -19.444183349609375, -10.541131019592285, -3.5420453548431396]], "lowlevel.hfc.mean": [6.680262088775635]}