{"lowlevel.dissonance.mean": [0.3689783215522766], "lowlevel.spectral_centroid.mean": [782.5851440429688], "lowlevel.hfc.mean": [4.697387218475342]}