{"lowlevel.dissonance.mean": [0.48374301195144653], "lowlevel.spectral_centroid.mean": [2760.308837890625], "lowlevel.mfcc.mean": [[-650.2899780273438, 71.684814453125, 2.8393499851226807, 23.690898895263672, 9.515033721923828, 35.58971405029297, 14.282978057861328, 16.379648208618164, 7.731916904449463, 13.913122177124023, 4.035642147064209, 9.168000221252441, 12.868209838867188]], "lowlevel.hfc.mean": [41.197532653808594]}