{"lowlevel.dissonance.mean": [0.3853389024734497], "lowlevel.spectral_centroid.mean": [272.1676940917969], "lowlevel.hfc.mean": [6.973222255706787]}