{"lowlevel.dissonance.mean": [0.42154163122177124], "lowlevel.spectral_centroid.mean": [160.16635131835938], "lowlevel.hfc.mean": [12.233907699584961]}