{"lowlevel.dissonance.mean": [0.46634504199028015], "lowlevel.spectral_centroid.mean": [1706.3287353515625], "lowlevel.mfcc.mean": [[-698.6953125, 103.10179138183594, 0.32780951261520386, 58.500789642333984, -20.18307113647461, 10.399837493896484, -19.674144744873047, -11.310164451599121, -8.447846412658691, -15.673922538757324, -8.424009323120117, -1.4485132694244385, 1.5065491199493408]], "lowlevel.hfc.mean": [17.009342193603516]}